{
  "South of France - Cities.pdf": {
    "file_hash": "de4070bd7ecd6a45e9b00c89ba64d284",
    "chunk_count": 33,
    "indexed_at": 1755178911.8652368,
    "file_size": 109176
  },
  "South of France - Cuisine.pdf": {
    "file_hash": "02365279c68c5a62f021374bb459e70c",
    "chunk_count": 21,
    "indexed_at": 1755178913.290372,
    "file_size": 89634
  }
}